{
  "historial_fitness": [
    0.2274762275706108, 0.2274762275706108, 0.2274762275706108,
    0.2274762275706108, 0.2274762275706108, 0.2274762275706108,
    0.2274762275706108, 0.2274762275706108, 0.2274762275706108,
    0.2274762275706108, 0.2274762275706108, 0.2274762275706108,
    0.26373811378530543, 0.26373811378530543, 0.26373811378530543,
    0.26373811378530543, 0.26373811378530543, 0.26373811378530543,
    0.26373811378530543, 0.26373811378530543, 0.26373811378530543,
    0.26373811378530543, 0.26373811378530543, 0.26373811378530543,
    0.26373811378530543, 0.26373811378530543, 0.26373811378530543,
    0.26373811378530543, 0.26373811378530543, 0.26373811378530543,
    0.26373811378530543, 0.26373811378530543, 0.26373811378530543,
    0.26373811378530543, 0.26373811378530543, 0.26373811378530543,
    0.26373811378530543, 0.26373811378530543, 0.26373811378530543,
    0.26373811378530543, 0.26373811378530543, 0.26373811378530543,
    0.26373811378530543, 0.26373811378530543, 0.26373811378530543,
    0.26373811378530543, 0.26373811378530543, 0.26373811378530543,
    0.26373811378530543, 0.26373811378530543
  ],
  "asignaciones_finales": {
    "A": [14, 27, 21, 25, 36, 2, 37, 12, 3, 34, 10, 18, 11],
    "B": [28, 17, 15, 26, 19, 32, 5, 22, 1, 30, 38, 8, 35],
    "C": [0, 13, 31, 33, 4, 24, 20, 9, 6, 16, 29, 23, 7]
  },
  "promedios": {
    "A": 15.384615384615385,
    "B": 15.461538461538462,
    "C": 15.384615384615385
  },
  "desviacion_estandar": 0.036261886214694616
}
