{
  "historial_fitness": [
    -1.7363390168722903, -1.7363390168722903, -1.7358373818968444,
    -1.7358373818968444, -1.7080701105089966, -1.6905074037015901,
    -1.6905074037015901, -1.6905074037015901, -1.658070110508996,
    -1.658070110508996, -1.658070110508996, -1.6507589276348134,
    -1.6007589276348129, -1.6007589276348129, -1.6007589276348129,
    -1.6007589276348129, -1.6007589276348129, -1.6007589276348129,
    -1.6007589276348129, -1.6007589276348129, -1.6007589276348129,
    -1.6007589276348129, -1.6007589276348129, -1.6007589276348129,
    -1.6007589276348129, -1.6007589276348129, -1.6007589276348129,
    -1.6007589276348129, -1.6007589276348129, -1.6007589276348129,
    -1.6007589276348129, -1.6007589276348129, -1.6007589276348129,
    -1.6007589276348129, -1.6007589276348129, -1.6007589276348129,
    -1.6007589276348124, -1.6007589276348124, -1.6007589276348124,
    -1.6007589276348124, -1.6007589276348124, -1.6007589276348124,
    -1.6007589276348124, -1.6007589276348124, -1.6007589276348124,
    -1.6007589276348124, -1.6007589276348124, -1.6007589276348124,
    -1.6007589276348124, -1.6007589276348124, -1.6007589276348124,
    -1.6007589276348124, -1.6007589276348124, -1.6007589276348124,
    -1.6007589276348124, -1.6007589276348124, -1.6007589276348124,
    -1.6007589276348124, -1.6007589276348124, -1.6007589276348124,
    -1.6007589276348124, -1.6007589276348124, -1.6007589276348124,
    -1.6007589276348124, -1.6007589276348124, -1.6007589276348124,
    -1.6007589276348124, -1.6007589276348124, -1.6007589276348124,
    -1.6007589276348124, -1.6007589276348124, -1.6007589276348124,
    -1.6007589276348124, -1.6007589276348124, -1.6007589276348124,
    -1.6007589276348124, -1.6007589276348124, -1.6007589276348124,
    -1.6007589276348124, -1.6007589276348124, -1.6007589276348124,
    -1.6007589276348124, -1.6007589276348124, -1.6007589276348124,
    -1.6007589276348124, -1.6007589276348124, -1.6007589276348124,
    -1.6007589276348124, -1.6007589276348124, -1.6007589276348124,
    -1.6007589276348124, -1.6007589276348124, -1.6007589276348124,
    -1.6007589276348124, -1.6007589276348124, -1.6007589276348124,
    -1.6007589276348124, -1.6007589276348124, -1.6007589276348124,
    -1.6007589276348124
  ],
  "asignaciones_finales": {
    "A": [1, 7, 8, 10, 12, 15, 18, 20, 21, 26, 31, 33, 35],
    "B": [2, 3, 4, 5, 13, 14, 17, 23, 24, 25, 27, 29, 32],
    "C": [0, 6, 9, 11, 16, 19, 22, 28, 30, 34, 36, 37, 38]
  },
  "promedios": {
    "A": 15.384615384615385,
    "B": 15.461538461538462,
    "C": 15.384615384615385
  },
  "desviacion_estandar": 0.036261886214694616
}
